[
  {
    "name": "‘LINEO",
    "category": "Commerce de gros (commerce interentreprises) d'appareils sanitaires et de produits de décoration",
    "address": "4 RUE DES COMPAGNONS",
    "zipCode": "85600",
    "city": "Montaigu-Vendée",
    "phone": "0251051834",
    "lat": 47.003624,
    "lng": -1.341571
  },
  {
    "name": "192 PUB",
    "category": "Activités spécialisées de design",
    "address": "134 RUE DES MARQUIS",
    "zipCode": "85600",
    "city": "Montaigu-Vendée",
    "phone": "0251386518",
    "email": "commercial@192pub.fr",
    "website": "https://www.192pub.fr/",
    "lat": 47.019,
    "lng": -1.345339
  },
  {
    "name": "7 ENVIES DE PAIN",
    "category": "Boulangerie et boulangerie-pâtisserie",
    "address": "7 RUE DE NANTES",
    "zipCode": "85600",
    "city": "Montaigu-Vendée",
    "phone": "0251940411",
    "email": "bp7enviesdepain@orange.fr",
    "lat": 47.001891,
    "lng": -1.332068
  },
  {
    "name": "A COEUR POUR TOI",
    "category": "Autres services personnels n.c.a.",
    "address": "34 RUE DE LA GARE",
    "zipCode": "85260",
    "city": "L'Herbergement",
    "website": "http://www.acoeurpourtoi.fr",
    "lat": 46.908629,
    "lng": -1.373855
  },
  {
    "name": "A L’EAU SOSO",
    "category": "Autres activités récréatives et de loisirs",
    "address": "12 LA DORINIERE",
    "zipCode": "85620",
    "city": "Rocheservière",
    "phone": "0689577677",
    "email": "solene.kraft@gmail.com",
    "lat": 46.916545,
    "lng": -1.49449
  },
  {
    "name": "A LA FERME DU PAY",
    "category": "Commerce d'alimentation générale",
    "address": "4 LD LE PAI",
    "zipCode": "85260",
    "city": "Montréverd",
    "phone": "0251428959",
    "lat": 46.923679,
    "lng": -1.392244
  },
  {
    "name": "A VOS COTES",
    "category": "Nettoyage courant des bâtiments",
    "address": "4 RUE POINTE A PITRE",
    "zipCode": "85530",
    "city": "La Bruffière",
    "phone": "0699641609",
    "email": "accueil@avosvotes85.fr",
    "lat": 47.016721,
    "lng": -1.198556
  },
  {
    "name": "A.M.C.",
    "category": "Travaux de maçonnerie générale et gros œuvre de bâtiment",
    "address": "LE CHATELIER",
    "zipCode": "85530",
    "city": "La Bruffière",
    "phone": "0251417900",
    "email": "corneteau@corneteau.fr",
    "lat": 46.997234,
    "lng": -1.177855
  },
  {
    "name": "A.Y.D 85 CONTROLE TECHNIQUE",
    "category": "Contrôle technique automobile",
    "address": "1 RUE ANDRE AMPERE",
    "zipCode": "85600",
    "city": "Montaigu-Vendée",
    "phone": "0251463115",
    "email": "ayd85@orange.fr",
    "lat": 46.969334,
    "lng": -1.326031
  },
  {
    "name": "A2M",
    "category": "Travaux de menuiserie bois et PVC",
    "address": "RUE DES ALOUETTES",
    "zipCode": "85620",
    "city": "Rocheservière",
    "phone": "0251310774",
    "lat": 46.939913,
    "lng": -1.506241
  },
  {
    "name": "A2M",
    "category": "Services administratifs combinés de bureau",
    "address": "LES GENETS",
    "zipCode": "85620",
    "city": "Rocheservière",
    "lat": 46.94219,
    "lng": -1.509277
  },
  {
    "name": "A3NERGY",
    "category": "Travaux d'installation d'équipements thermiques et de climatisation",
    "address": "14 RUE RENE DESCARTES",
    "zipCode": "85600",
    "city": "Montaigu-Vendée",
    "lat": 46.976716,
    "lng": -1.337101
  },
  {
    "name": "A4 FORMATION",
    "category": "Autres enseignements",
    "address": "593 RUE DE LA SIGNEAUDERIE",
    "zipCode": "85600",
    "city": "Montaigu-Vendée",
    "lat": 46.937184,
    "lng": -1.28204
  },
  {
    "name": "AB MONTAGE 85",
    "category": "Installation de structures métalliques, chaudronnées et de tuyauterie",
    "address": "54 RUE DE L'AMIRAL DU CHAFFAULT",
    "zipCode": "85600",
    "city": "Montaigu-Vendée",
    "phone": "0675200028",
    "email": "abmontage85@gmail.com"
  },
  {
    "name": "AB PEINTURE",
    "category": "Travaux de peinture et vitrerie",
    "address": "2 IMPASSE DE LA SOURCE",
    "zipCode": "85260",
    "city": "Montréverd",
    "lat": 46.907379,
    "lng": -1.452034
  },
  {
    "name": "AB SOUDURE",
    "category": "Installation de structures métalliques, chaudronnées et de tuyauterie",
    "address": "1 RUE VINCENT ANSQUER",
    "zipCode": "85600",
    "city": "Treize-Septiers",
    "lat": 46.981198,
    "lng": -1.224574
  },
  {
    "name": "ABC CARROSSERIE",
    "category": "Entretien et réparation de véhicules automobiles légers",
    "address": "ZA LA CHEVASSE EXTENSION",
    "zipCode": "85260",
    "city": "Montréverd",
    "phone": "0251099373",
    "email": "abc.carrosserie@gmail.com",
    "lat": 46.890931,
    "lng": -1.421026
  },
  {
    "name": "ABC CHAPE",
    "category": "Travaux de maçonnerie générale et gros œuvre de bâtiment",
    "address": "4 LA SENARDIERE",
    "zipCode": "85600",
    "city": "Montaigu-Vendée",
    "phone": "0613480693;0679248944",
    "email": "contact@abc-chape.fr",
    "lat": 46.972224,
    "lng": -1.343334
  },
  {
    "name": "ABGRALL JULIE",
    "category": "Pâtisserie",
    "address": "3 RUE DE L'EPEAUTRE",
    "zipCode": "85260",
    "city": "Montréverd",
    "phone": "0622440787",
    "lat": 46.894515,
    "lng": -1.412843
  },
  {
    "name": "ABICOM",
    "category": "Travaux de plâtrerie",
    "address": "4 RUE CHARETTE",
    "zipCode": "85600",
    "city": "Montaigu-Vendée",
    "phone": "0683890995",
    "email": "sarlabicom@gmail.com",
    "lat": 46.966678,
    "lng": -1.253312
  },
  {
    "name": "ABOUTIR EMPLOI EST",
    "category": "Activités des agences de travail temporaire",
    "address": "1 (2) RUE AUGUSTIN FRESNEL",
    "zipCode": "85600",
    "city": "Montaigu-Vendée",
    "phone": "0251401840",
    "email": "boufferemontaigu@transparence-rh.com",
    "lat": 46.976128,
    "lng": -1.333307
  },
  {
    "name": "ABPROTEC FRANCE",
    "category": "Commerce de gros (commerce interentreprises) d'habillement et de chaussures",
    "address": "109 RUE DES MARQUIS",
    "zipCode": "85600",
    "city": "Montaigu-Vendée",
    "phone": "0228978646",
    "lat": 47.018717,
    "lng": -1.345252
  },
  {
    "name": "ACCEFF",
    "category": "Conseil pour les affaires et autres conseils de gestion",
    "address": "184 RUE JOSEPH GAILLARD",
    "zipCode": "85600",
    "city": "Montaigu-Vendée",
    "phone": "0604136362",
    "email": "guilberteau.stephanie@acceff.fr",
    "lat": 46.983252,
    "lng": -1.321213
  },
  {
    "name": "ACE 85",
    "category": "Commerce d'électricité",
    "address": "11 RUE DE LA COLONNE",
    "zipCode": "85260",
    "city": "Montréverd",
    "phone": "0603693737",
    "email": "vendee@placedesenergies.com",
    "lat": 46.893472,
    "lng": -1.418733
  },
  {
    "name": "ACHV",
    "category": "Réparation d'ouvrages en métaux",
    "address": "PETITE AVENUE VENDEE SUD LOIRE",
    "zipCode": "85600",
    "city": "Montaigu-Vendée",
    "phone": "0251420824",
    "email": "contact@achv.fr",
    "lat": 46.941361,
    "lng": -1.286367
  },
  {
    "name": "ACTIMETAUX",
    "category": "Fabrication de structures métalliques et de parties de structures",
    "address": "639 RUE ANNE DE BRETAGNE",
    "zipCode": "85600",
    "city": "Montaigu-Vendée",
    "phone": "0251489232",
    "email": "actimetaux@wanadoo.fr",
    "lat": 47.025365,
    "lng": -1.351706
  },
  {
    "name": "ACTION",
    "category": "Supermarchés",
    "address": "ROUTE DE CHOLET",
    "zipCode": "85600",
    "city": "Montaigu-Vendée",
    "phone": "0155564152",
    "website": "http://www.action.com",
    "lat": 46.979529,
    "lng": -1.300163
  },
  {
    "name": "ACTIV TRAVAUX",
    "category": "Autres activités de soutien aux entreprises n.c.a.",
    "address": "4 LA CHARTENCIERE",
    "zipCode": "85600",
    "city": "Treize-Septiers",
    "phone": "0677493373",
    "email": "a.tatibouet@activ-travaux.com",
    "lat": 46.990215,
    "lng": -1.199133
  },
  {
    "name": "ACTU’CUISINE",
    "category": "Travaux de menuiserie bois et PVC",
    "address": "1 (2) AVENUE DES SPORTS",
    "zipCode": "85600",
    "city": "Montaigu-Vendée",
    "phone": "0679064525",
    "email": "jgouraud@club-internet.fr",
    "lat": 47.003123,
    "lng": -1.335969
  },
  {
    "name": "AD CONNECTIQUE",
    "category": "Travaux d'installation électrique dans tous locaux",
    "address": "20 RUE DE LA VIGNE ROUGE ZA DE LA",
    "zipCode": "85260",
    "city": "L'Herbergement",
    "phone": "0638970397",
    "email": "ad.connectique@gmail.com",
    "lat": 46.900631,
    "lng": -1.380267
  },
  {
    "name": "ADECCO",
    "category": "Activités des agences de travail temporaire",
    "address": "LA BRETONNIERE",
    "zipCode": "85600",
    "city": "Montaigu-Vendée",
    "phone": "0251099600",
    "email": "adecco.b21@adecco.fr",
    "website": "http://www.adecco.fr",
    "lat": 46.977078,
    "lng": -1.241271
  },
  {
    "name": "ADECCO GROUPE FRANCE",
    "category": "Services administratifs combinés de bureau",
    "address": "1 (2) RUE AUGUSTIN FRESNEL",
    "zipCode": "85600",
    "city": "Montaigu-Vendée",
    "phone": "0251099600",
    "email": "adecco.B21@adecco.fr",
    "website": "http://www.groupe-adecco-france.fr",
    "lat": 46.976128,
    "lng": -1.333307
  },
  {
    "name": "ADEQUAT INTERIM",
    "category": "Activités des agences de travail temporaire",
    "address": "9 PLACE DE LA REPUBLIQUE",
    "zipCode": "85600",
    "city": "Montaigu-Vendée",
    "phone": "0251088750",
    "email": "agence.montaigu@groupeadequat.fr",
    "lat": 46.978178,
    "lng": -1.309569
  },
  {
    "name": "ADRIEN CUISINISTE AGENCEUR",
    "category": "Travaux de menuiserie bois et PVC",
    "address": "5 (2) RUE ALFRED NOBEL",
    "zipCode": "85600",
    "city": "Montaigu-Vendée",
    "phone": "0689437608",
    "email": "contact@adrien85.com",
    "website": "https://www.adrien85.com/",
    "lat": 46.969061,
    "lng": -1.328534
  },
  {
    "name": "ADVANCED SOLUTIONS MOLDING FRANCE – ASM",
    "category": "Ingénierie, études techniques",
    "address": "ZONE ARTISANLE DU MORTIER EST",
    "zipCode": "85610",
    "city": "Cugand-la-Bernardière",
    "phone": "0251941778",
    "email": "contact@asmolding.com",
    "lat": 47.052612,
    "lng": -1.254992
  },
  {
    "name": "AEL HOME",
    "category": "Autres services personnels n.c.a.",
    "address": "",
    "zipCode": "85610",
    "city": "Cugand-la-Bernardière",
    "website": "https://www.aelhome-conciergerie.fr/",
    "lat": 47.047637,
    "lng": -1.249692
  },
  {
    "name": "AEQUITAS AVOCATS",
    "category": "Activités juridiques",
    "address": "1 (3) AVENUE VILLEBOIS MAREUIL",
    "zipCode": "85600",
    "city": "Montaigu-Vendée",
    "phone": "0251464328",
    "email": "contact@aequitasavocats.fr",
    "lat": 46.977853,
    "lng": -1.314562
  },
  {
    "name": "AFIMECA",
    "category": "Activités de soutien aux cultures",
    "address": "6 LA TUCHERESSE",
    "zipCode": "85620",
    "city": "Rocheservière",
    "phone": "0251065475",
    "lat": 46.929742,
    "lng": -1.488515
  },
  {
    "name": "AGENCE AA",
    "category": "Activités d'architecture",
    "address": "5 RUE EDOUARD MARCHAND",
    "zipCode": "85600",
    "city": "Montaigu-Vendée",
    "phone": "0251941854",
    "email": "m.joyau@micheljoyau.com",
    "website": "http://www.micheljoyau-agenceaa.com",
    "lat": 46.979937,
    "lng": -1.308853
  },
  {
    "name": "AGENCES DURET",
    "category": "Agences immobilières",
    "address": "61 RUE GEORGES CLEMENCEAU",
    "zipCode": "85600",
    "city": "Montaigu-Vendée",
    "phone": "0251982323",
    "email": "contact@duret-promoteur.fr",
    "lat": 46.975236,
    "lng": -1.312598
  },
  {
    "name": "AGP PLATRERIE",
    "category": "Travaux de plâtrerie",
    "address": "13 RUE LOUIS PASTEUR",
    "zipCode": "85660",
    "city": "Saint-Philbert-de-Bouaine",
    "phone": "0251240859",
    "email": "agp-platrerie@orange.fr",
    "lat": 46.998138,
    "lng": -1.514227
  },
  {
    "name": "AGT’IM",
    "category": "Agences immobilières",
    "address": "74 AVENUE VILLEBOIS MAREUIL",
    "zipCode": "85600",
    "city": "Montaigu-Vendée",
    "phone": "0251940184",
    "email": "agtim.montaigu@agtim.immo",
    "lat": 46.982069,
    "lng": -1.317485
  },
  {
    "name": "AIGLE FRANCE",
    "category": "Affrètement et organisation des transports",
    "address": "ZA DE L'ESPERANCE",
    "zipCode": "85600",
    "city": "Montaigu-Vendée",
    "phone": "0253888216",
    "email": "angelique.berthet@aiglegroup.eu",
    "website": "http://www.aiglegroup.eu",
    "lat": 46.996212,
    "lng": -1.329278
  },
  {
    "name": "AIRAUD STEPHANE",
    "category": "Boulangerie et boulangerie-pâtisserie",
    "address": "16 RUE SAINT JACQUES",
    "zipCode": "85600",
    "city": "Montaigu-Vendée",
    "phone": "0251940487",
    "email": "boulangeairaud@orange.fr",
    "lat": 46.971037,
    "lng": -1.310825
  },
  {
    "name": "AIRBEE CONSEIL",
    "category": "Activités comptables",
    "address": "74 IMPASSE DES MARIONS",
    "zipCode": "85600",
    "city": "Montaigu-Vendée",
    "phone": "0620990088",
    "email": "contact@airbee-conseil.fr",
    "lat": 46.976711,
    "lng": -1.331378
  },
  {
    "name": "AIRSUB DRONE",
    "category": "Analyses, essais et inspections techniques",
    "address": "13 RUE DES PINSONS",
    "zipCode": "85620",
    "city": "Rocheservière",
    "phone": "0695403032",
    "email": "contact@air-sub-drone.fr",
    "lat": 46.938826,
    "lng": -1.503724
  },
  {
    "name": "AJL TRANSPORTS EXPRESS",
    "category": "Transports routiers de fret interurbains",
    "address": "40 RUE DES LORIOTS",
    "zipCode": "85620",
    "city": "Rocheservière",
    "phone": "0645493376",
    "lat": 46.939542,
    "lng": -1.502834
  },
  {
    "name": "AJP IMMOBILIER",
    "category": "Agences immobilières",
    "address": "21 PLACE DU CHAMP DE FOIRE",
    "zipCode": "85600",
    "city": "Montaigu-Vendée",
    "phone": "0230253000",
    "email": "montaigu@ajp-immobilier.com",
    "lat": 46.978048,
    "lng": -1.312855
  },
  {
    "name": "AKCEDO’TOIT",
    "category": "Travaux de couverture par éléments",
    "address": "1 RUE DES COMPAGNONS",
    "zipCode": "85600",
    "city": "Montaigu-Vendée",
    "lat": 47.003104,
    "lng": -1.34081
  },
  {
    "name": "ALAIN AFFLELOU",
    "category": "Commerces de détail d'optique",
    "address": "2 RUE ALFRED NOBEL",
    "zipCode": "85600",
    "city": "Montaigu-Vendée",
    "phone": "0251349265",
    "email": "optique-piton@orange.fr",
    "lat": 46.969061,
    "lng": -1.328534
  },
  {
    "name": "ALAIN AFFLELOU ACOUSTICIEN",
    "category": "Commerce de détail d'articles médicaux et orthopédiques en magasin spécialisé",
    "address": "2 RUE ALFRED NOBEL",
    "zipCode": "85600",
    "city": "Montaigu-Vendée",
    "phone": "0228048967",
    "lat": 46.969061,
    "lng": -1.328534
  },
  {
    "name": "ALC DOUILLARD",
    "category": "Travaux de menuiserie bois et PVC",
    "address": "143 IMPASSE DES QUAIS ZA LA TREVOISE",
    "zipCode": "85260",
    "city": "Montréverd",
    "phone": "0251424933",
    "email": "contact@alc-douillard.fr",
    "lat": 46.937637,
    "lng": -1.405363
  },
  {
    "name": "ALEXIA TAXI",
    "category": "Transports de voyageurs par taxis",
    "address": "3 RUE DE L'EVIAUD",
    "zipCode": "85260",
    "city": "L'Herbergement",
    "phone": "0615326275",
    "email": "alexiataxi85@gmail.com",
    "lat": 46.908947,
    "lng": -1.382431
  },
  {
    "name": "ALG VTC",
    "category": "Transports de voyageurs par taxis",
    "address": "8 IMPASSE DU PRE AU JONC",
    "zipCode": "85600",
    "city": "Montaigu-Vendée"
  },
  {
    "name": "ALINEA SOPHROLOGIE",
    "category": "Autres services personnels n.c.a.",
    "address": "",
    "zipCode": "85260",
    "city": "Montréverd",
    "phone": "0629852489",
    "email": "alinea.sophrologie@gmail.com",
    "website": "http://www.alinea-sophrologie.fr",
    "lat": 46.907921,
    "lng": -1.431736
  },
  {
    "name": "ALLAIN DANIEL",
    "category": "Location de terrains et d'autres biens immobiliers",
    "address": "2 ALLEE DES SOURCES",
    "zipCode": "85600",
    "city": "Montaigu-Vendée",
    "phone": "0251941961",
    "lat": 47.001778,
    "lng": -1.326609
  },
  {
    "name": "ALLIANCE",
    "category": "Formation continue d'adultes",
    "address": "29 (3) RUE DE NANTES",
    "zipCode": "85600",
    "city": "Montaigu-Vendée",
    "phone": "0666266381",
    "email": "contact@imagetvous.com",
    "lat": 47.001779,
    "lng": -1.331997
  },
  {
    "name": "ALLO GOUTTIERES 85",
    "category": "Travaux de couverture par éléments",
    "address": "7 RUE GEORGES CLEMENCEAU",
    "zipCode": "85600",
    "city": "Treize-Septiers",
    "lat": 46.983473,
    "lng": -1.219866
  },
  {
    "name": "ALLO LA CAVE",
    "category": "Commerce de détail de boissons en magasin spécialisé",
    "address": "",
    "zipCode": "85530",
    "city": "La Bruffière",
    "phone": "0251482454",
    "email": "allolacave@laposte.net"
  },
  {
    "name": "ALLO REPAIR PHONE",
    "category": "Réparation d'équipements de communication",
    "address": "10 RUE GEORGES CLEMENCEAU",
    "zipCode": "85600",
    "city": "Montaigu-Vendée",
    "lat": 46.977207,
    "lng": -1.313976
  },
  {
    "name": "ALOUETTE AUDITION",
    "category": "Commerce de détail d'articles médicaux et orthopédiques en magasin spécialisé",
    "address": "59 BOULEVARD DU PRESIDENT ABEL DURAND",
    "zipCode": "85600",
    "city": "Montaigu-Vendée",
    "phone": "0251448125",
    "lat": 47.067014,
    "lng": -1.254415
  },
  {
    "name": "ALOUETTES VOYAGES SARL",
    "category": "Activités des agences de voyage",
    "address": "1 RUE CLEMENT ADER",
    "zipCode": "85620",
    "city": "Rocheservière",
    "phone": "0251949071",
    "email": "mickael@voyages-bourmaud.net",
    "lat": 46.947634,
    "lng": -1.491098
  },
  {
    "name": "ALPHACETI",
    "category": "Gestion de fonds",
    "address": "25 LA MOCTIERE",
    "zipCode": "85600",
    "city": "Montaigu-Vendée",
    "phone": "0650119735",
    "email": "contact@wegeo.fr",
    "lat": 47.003608,
    "lng": -1.286572
  },
  {
    "name": "ALTI – VERDE",
    "category": "Autres services personnels n.c.a.",
    "address": "FOUQUES",
    "zipCode": "85610",
    "city": "Cugand-la-Bernardière",
    "phone": "0684103293",
    "email": "altiverde@puzl.com",
    "lat": 47.081647,
    "lng": -1.26681
  },
  {
    "name": "ALTIVIA",
    "category": "Fabrication de structures métalliques et de parties de structures",
    "address": "320 RUE DE LA SIGNEAUDERIE",
    "zipCode": "85600",
    "city": "Montaigu-Vendée",
    "phone": "+33228399765",
    "website": "http://contact@alti-via.fr",
    "lat": 46.93687,
    "lng": -1.278543
  },
  {
    "name": "ALVIDEO",
    "category": "Post-production de films cinématographiques, de vidéo et de programmes de télévision",
    "address": "37 RUE DU COLONEL TAYLOR",
    "zipCode": "85600",
    "city": "Montaigu-Vendée",
    "lat": 46.980838,
    "lng": -1.306683
  },
  {
    "name": "AM-TEC",
    "category": "Sidérurgie",
    "address": "2 RUE ST. ELOI - RTE. DE",
    "zipCode": "85260",
    "city": "Montréverd",
    "phone": "0251428159",
    "lat": 46.936203,
    "lng": -1.406575
  },
  {
    "name": "AMANDINE INSTITUT DE BEAUTE",
    "category": "Soins de beauté",
    "address": "23 (2) RUE DES HERBIERS",
    "zipCode": "85600",
    "city": "La Boissière-de-Montaigu",
    "phone": "0244404774",
    "email": "amandineinstitut@gmail.com",
    "lat": 46.948116,
    "lng": -1.193125
  },
  {
    "name": "AMBIOVET",
    "category": "Activités vétérinaires",
    "address": "ZONE ARTISANALE MIRVILLE",
    "zipCode": "85600",
    "city": "Montaigu-Vendée",
    "phone": "0251463669",
    "email": "contact@lce85.fr",
    "lat": 46.971686,
    "lng": -1.328445
  },
  {
    "name": "AMBULANCES MARTIN",
    "category": "Ambulances",
    "address": "49 RUE GEORGES CLEMENCEAU",
    "zipCode": "85260",
    "city": "L'Herbergement",
    "phone": "0251424678",
    "lat": 46.90268,
    "lng": -1.380169
  },
  {
    "name": "AMD LA GETIERE",
    "category": "Activités des sièges sociaux",
    "address": "LA GETIERE",
    "zipCode": "85600",
    "city": "Montaigu-Vendée",
    "phone": "0251420242",
    "email": "contact@la-getiere.com",
    "lat": 46.927041,
    "lng": -1.262005
  },
  {
    "name": "AMSTERDAM AIR",
    "category": "Vente à distance sur catalogue spécialisé",
    "address": "4 RUE AUGUSTIN FRESNEL",
    "zipCode": "85600",
    "city": "Montaigu-Vendée",
    "phone": "0285756030",
    "email": "contact@amsterdamair.fr",
    "lat": 46.975559,
    "lng": -1.334603
  },
  {
    "name": "ANDRADE NADIA",
    "category": "Fabrication de vêtements de dessus",
    "address": "LA RONDE",
    "zipCode": "85600",
    "city": "Montaigu-Vendée",
    "phone": "0684738495",
    "lat": 46.976264,
    "lng": -1.229601
  },
  {
    "name": "ANDRE – Maître d’Oeuvre",
    "category": "Ingénierie, études techniques",
    "address": "74 IMPASSE DES MARIONS",
    "zipCode": "85600",
    "city": "Montaigu-Vendée",
    "phone": "0783156850",
    "lat": 46.976711,
    "lng": -1.331378
  },
  {
    "name": "ANDRE IRINA",
    "category": "Autres services de réservation et activités connexes",
    "address": "83 LE BOIS PIN",
    "zipCode": "85600",
    "city": "Montaigu-Vendée",
    "phone": "0251063797",
    "lat": 46.997485,
    "lng": -1.289031
  },
  {
    "name": "ANIMALIA VILLAGE",
    "category": "Autres services personnels n.c.a.",
    "address": "LA HAUTE MONIERE",
    "zipCode": "85660",
    "city": "Saint-Philbert-de-Bouaine",
    "phone": "0251419704",
    "email": "animaliavillage@orange.fr",
    "lat": 47.021993,
    "lng": -1.507338
  },
  {
    "name": "ANJOU VENDEE VIANDES",
    "category": "Commerce de gros (commerce interentreprises) de viandes de boucherie",
    "address": "7 IMPASSE DES CHARMILLES",
    "zipCode": "85600",
    "city": "Montaigu-Vendée",
    "phone": "0674195530",
    "email": "stephane@a2vsas.fr",
    "lat": 46.962945,
    "lng": -1.336822
  },
  {
    "name": "ANTHONY AUTOMOBILES SERVICES",
    "category": "Entretien et réparation de véhicules automobiles légers",
    "address": "96 RUE DU 8 MAI 1945",
    "zipCode": "85600",
    "city": "Montaigu-Vendée",
    "phone": "0251987253",
    "email": "anthony-automobiles-services@orange.fr",
    "lat": 46.966839,
    "lng": -1.295411
  },
  {
    "name": "ANTHONY ELEC 85",
    "category": "Travaux d'installation électrique dans tous locaux",
    "address": "26 LA CHARDONNIERE",
    "zipCode": "85600",
    "city": "Treize-Septiers",
    "phone": "0688156342",
    "email": "anthonyelec85@gmail.com",
    "lat": 46.982018,
    "lng": -1.21768
  },
  {
    "name": "ANTIQUITES-BROCANTE Frédéric GIRARD",
    "category": "Commerce de détail de biens d'occasion en magasin",
    "address": "56 AVENUE VILLEBOIS MAREUIL",
    "zipCode": "85600",
    "city": "Montaigu-Vendée",
    "phone": "0251940666",
    "lat": 46.980836,
    "lng": -1.316606
  },
  {
    "name": "APOLLO 3S",
    "category": "Autres activités liées au sport",
    "address": "591 RUE JOSEPH GAILLARD",
    "zipCode": "85600",
    "city": "Montaigu-Vendée",
    "phone": "0608681851",
    "email": "centre.apollo3s@gmail.com",
    "lat": 46.982683,
    "lng": -1.321648
  },
  {
    "name": "AQUA BULLES 85",
    "category": "Autres travaux spécialisés de construction",
    "address": "479 RUE DE LA SIGNEAUDERIE",
    "zipCode": "85600",
    "city": "Montaigu-Vendée",
    "phone": "0760859260",
    "lat": 46.937075,
    "lng": -1.280613
  },
  {
    "name": "AQUANAIS",
    "category": "Autres travaux spécialisés de construction",
    "address": "4 RUE JOSEPH GAILLARD",
    "zipCode": "85600",
    "city": "Montaigu-Vendée",
    "lat": 46.984227,
    "lng": -1.320081
  },
  {
    "name": "ARBO",
    "category": "Coiffure",
    "address": "8 RUE GEORGES CLEMENCEAU",
    "zipCode": "85600",
    "city": "Montaigu-Vendée",
    "lat": 46.977244,
    "lng": -1.314014
  },
  {
    "name": "ARBORA PAYSAGES",
    "category": "Services d'aménagement paysager",
    "address": "LES LANDES DE ROUSSAIS",
    "zipCode": "85600",
    "city": "Montaigu-Vendée",
    "phone": "0251461328",
    "lat": 47.033872,
    "lng": -1.358777
  },
  {
    "name": "ARCHI URBA DECO",
    "category": "Activités d'architecture",
    "address": "5 PLACE SAINT JEAN BAPTISTE",
    "zipCode": "85600",
    "city": "Montaigu-Vendée",
    "phone": "0228150143",
    "email": "aud@archiurbadeco.fr",
    "lat": 46.976209,
    "lng": -1.31217
  },
  {
    "name": "ARMOR-LUX",
    "category": "Activités des sièges sociaux",
    "address": "1 RUE DES BERGERONNETTES",
    "zipCode": "85600",
    "city": "Montaigu-Vendée",
    "lat": 46.939388,
    "lng": -1.288703
  },
  {
    "name": "ARNAUD FREDDY",
    "category": "Autres intermédiaires du commerce en produits divers",
    "address": "LA CHARDONNIERE",
    "zipCode": "85600",
    "city": "Treize-Septiers",
    "phone": "0671162459",
    "lat": 46.982772,
    "lng": -1.217694
  },
  {
    "name": "ARNAUD VETEMENTS",
    "category": "Commerce de détail d'habillement en magasin spécialisé",
    "address": "19 PLACE DU CHAMP DE FOIRE",
    "zipCode": "85600",
    "city": "Montaigu-Vendée",
    "phone": "0251942065",
    "lat": 46.978034,
    "lng": -1.313005
  },
  {
    "name": "ARRIVE JEAN-CHARLES",
    "category": "Installation de machines et équipements mécaniques",
    "address": "18 BOULEVARD ALEX AUVINET",
    "zipCode": "85600",
    "city": "Montaigu-Vendée",
    "phone": "0251463599",
    "lat": 46.981863,
    "lng": -1.313293
  },
  {
    "name": "ART-QUALI-TRAVAUX",
    "category": "Travaux de menuiserie bois et PVC",
    "address": "4 IMPASSE DU PETIT PARC",
    "zipCode": "85260",
    "city": "Montréverd",
    "phone": "0658123891",
    "lat": 46.909934,
    "lng": -1.449014
  },
  {
    "name": "ARTI PLATRE",
    "category": "Travaux de plâtrerie",
    "address": "RUE DU DOCTEUR FAYAU",
    "zipCode": "85600",
    "city": "Montaigu-Vendée",
    "phone": "0251942750",
    "email": "ybonnet.artiplatre@gmail.com",
    "lat": 46.98514,
    "lng": -1.317409
  },
  {
    "name": "ARTI’MA",
    "category": "Travaux de maçonnerie générale et gros œuvre de bâtiment",
    "address": "11 BOULEVARD DES MARCHANDISES",
    "zipCode": "85260",
    "city": "L'Herbergement",
    "lat": 46.9064,
    "lng": -1.370904
  },
  {
    "name": "ARTIFICE",
    "category": "Fabrication d'autres meubles et industries connexes de l'ameublement",
    "address": "ZONE D'ACTIVITE DE LA TUILERIE",
    "zipCode": "85260",
    "city": "L'Herbergement",
    "phone": "0251433041",
    "email": "artificesarl@orange.fr",
    "lat": 46.897841,
    "lng": -1.381962
  },
  {
    "name": "ARZUL MULTISERVICES",
    "category": "Réparation d'autres biens personnels et domestiques",
    "address": "76 RUE DE L'AMIRAL DUCHAFFAULT",
    "zipCode": "85600",
    "city": "Montaigu-Vendée",
    "phone": "0638150613",
    "email": "arzulmultiservices@outlook.fr",
    "lat": 46.969033,
    "lng": -1.245871
  },
  {
    "name": "ASM-PROTOPLAST",
    "category": "Fabrication de pièces techniques à base de matières plastiques",
    "address": "172 IMPASSE ARCHIMEDE",
    "zipCode": "85600",
    "city": "Montaigu-Vendée",
    "phone": "0251941778",
    "lat": 46.953588,
    "lng": -1.353501
  },
  {
    "name": "ASOCIATION GESTION COMPTABILITE DE",
    "category": "Activités comptables",
    "address": "PETITE AVENUE VENDEE SUD LOIRE",
    "zipCode": "85600",
    "city": "Montaigu-Vendée",
    "phone": "0251489460",
    "email": "info@novatics.com,recrutement@novatics.com",
    "lat": 46.941361,
    "lng": -1.286367
  },
  {
    "name": "ASSON ENERGIE",
    "category": "Travaux d'installation d'eau et de gaz en tous locaux",
    "address": "3 RUE FERDINAND JAUFFRINEAU",
    "zipCode": "85600",
    "city": "Treize-Septiers",
    "phone": "0251413917",
    "lat": 46.984873,
    "lng": -1.229432
  },
  {
    "name": "ASTRO PIZZ",
    "category": "Restauration de type rapide",
    "address": "21 LA RONDE",
    "zipCode": "85600",
    "city": "Montaigu-Vendée",
    "phone": "0608574557",
    "lat": 46.976113,
    "lng": -1.229126
  },
  {
    "name": "ATARAXY SECURITE",
    "category": "Activités de sécurité privée",
    "address": "13 RUE DES QUATRE VENTS",
    "zipCode": "85660",
    "city": "Saint-Philbert-de-Bouaine",
    "phone": "0660959061",
    "email": "ataraxy.securite@gmail.com",
    "website": "https://www.ataraxy-securite.com/",
    "lat": 46.99381,
    "lng": -1.520084
  },
  {
    "name": "ATC",
    "category": "Travaux de revêtement des sols et des murs",
    "address": "LE CLOUZY",
    "zipCode": "85620",
    "city": "Rocheservière",
    "phone": "0228975446,0648737260",
    "lat": 46.893048,
    "lng": -1.489765
  },
  {
    "name": "ATELIER CHENU",
    "category": "Activités de pré-presse",
    "address": "RUE PAUL HENRI GOULET",
    "zipCode": "85600",
    "city": "Montaigu-Vendée",
    "phone": "0251463234",
    "email": "contact@ateliers-chenu.com",
    "lat": 46.983573,
    "lng": -1.318602
  },
  {
    "name": "ATELIER COIFFURE",
    "category": "Coiffure",
    "address": "1 (2) PLACE VERDON",
    "zipCode": "85660",
    "city": "Saint-Philbert-de-Bouaine",
    "phone": "0251419298",
    "website": "http://planity.com",
    "lat": 46.986235,
    "lng": -1.520896
  },
  {
    "name": "ATELIER DE BOBINAGE SORIN",
    "category": "Réparation d'équipements électriques",
    "address": "81 RUE DE LA SIGNEAUDERIE",
    "zipCode": "85600",
    "city": "Montaigu-Vendée",
    "lat": 46.938251,
    "lng": -1.280974
  },
  {
    "name": "ATELIER JOCHA",
    "category": "Autres activités manufacturières n.c.a.",
    "address": "15 (3) RUE DE LA CHAUSSEE",
    "zipCode": "85260",
    "city": "L'Herbergement",
    "phone": "0786638490",
    "email": "eve.atelierjocha@gmail.com",
    "lat": 46.904065,
    "lng": -1.379913
  },
  {
    "name": "ATELIER MECANIQUE DE LA SEVRE",
    "category": "Mécanique industrielle",
    "address": "LD LES TAILS",
    "zipCode": "85530",
    "city": "La Bruffière",
    "phone": "0251425282",
    "email": "contact@ams85.fr",
    "lat": 47.014562,
    "lng": -1.16684
  },
  {
    "name": "ATELIER ROSEMARY",
    "category": "Autres commerces de détail alimentaires en magasin spécialisé",
    "address": "3 RUE DE NANTES",
    "zipCode": "85600",
    "city": "Montaigu-Vendée",
    "phone": "0251949503",
    "email": "bienvenue@atelier-rosemary.fr",
    "lat": 47.001779,
    "lng": -1.331997
  },
  {
    "name": "ATELLANE",
    "category": "Formation continue d'adultes",
    "address": "16 RUE DE LA VIGNE ROUGE",
    "zipCode": "85260",
    "city": "L'Herbergement",
    "phone": "0228155398",
    "email": "mtv.atellane@orange.fr",
    "lat": 46.901907,
    "lng": -1.379823
  },
  {
    "name": "ATLANTIC PARAMOTEUR",
    "category": "Enseignement de la conduite",
    "address": "L'AERODROME",
    "zipCode": "85600",
    "city": "Montaigu-Vendée",
    "phone": "0684398873",
    "lat": 46.979292,
    "lng": -1.292128
  },
  {
    "name": "ATLANTIC PROPRETE SERVICE",
    "category": "Nettoyage courant des bâtiments",
    "address": "ZONE ACTIVITES LA DAUNIERE",
    "zipCode": "85600",
    "city": "Montaigu-Vendée",
    "phone": "0228159442",
    "email": "aps.alain85@gmail.com",
    "lat": 46.935822,
    "lng": -1.276584
  },
  {
    "name": "ATLANTIQUE COMPOSANTS",
    "category": "Commerce de gros (commerce interentreprises) de composants et d'équipements électroniques et de télécommunication",
    "address": "1 IMPASSE ARCHIMEDE",
    "zipCode": "85600",
    "city": "Montaigu-Vendée",
    "lat": 46.953948,
    "lng": -1.353034
  },
  {
    "name": "ATLOC",
    "category": "Location et location-bail de machines et équipements pour la construction",
    "address": "PETITE AVENUE VENDEE SUD LOIRE",
    "zipCode": "85600",
    "city": "Montaigu-Vendée",
    "phone": "0251072828",
    "email": "contact@atloc.fr",
    "lat": 46.941361,
    "lng": -1.286367
  },
  {
    "name": "ATOUT PNEUS 85",
    "category": "Commerce de détail d'équipements automobiles",
    "address": "11 LA PERROCHERE - BOUFFERE",
    "zipCode": "85600",
    "city": "Montaigu-Vendée",
    "phone": "0647281520",
    "email": "contact@atoutpneus85.fr",
    "lat": 46.949995,
    "lng": -1.350337
  },
  {
    "name": "ATP IMMOBILIER",
    "category": "Agences immobilières",
    "address": "15 RUE DES JARDINS",
    "zipCode": "85600",
    "city": "Montaigu-Vendée",
    "phone": "0251464720",
    "email": "contact@atpimmobilier.fr",
    "lat": 47.003249,
    "lng": -1.33257
  },
  {
    "name": "ATZ COUVERTURE 85",
    "category": "Travaux de couverture par éléments",
    "address": "401 (3) LA BORDE",
    "zipCode": "85600",
    "city": "Montaigu-Vendée",
    "phone": "0659163830",
    "email": "atz.couverture@outlook.fr",
    "lat": 46.940329,
    "lng": -1.273625
  },
  {
    "name": "AU GRENIER DE L’OCCAZ",
    "category": "Commerce de détail de biens d'occasion en magasin",
    "address": "2 RUE AUGUSTIN FRESNEL",
    "zipCode": "85600",
    "city": "Montaigu-Vendée",
    "phone": "0251313365",
    "lat": 46.976128,
    "lng": -1.333307
  },
  {
    "name": "AU JARDIN DE LA LIBAUDIERE",
    "category": "Culture de légumes, de melons, de racines et de tubercules",
    "address": "LA LIBAUDIERE",
    "zipCode": "85530",
    "city": "La Bruffière",
    "phone": "0617360331",
    "lat": 47.033759,
    "lng": -1.227486
  },
  {
    "name": "AU PAIN D’ANGE DE LEO",
    "category": "Boulangerie et boulangerie-pâtisserie",
    "address": "15 RUE DE LA CROIX ROUGE",
    "zipCode": "85600",
    "city": "Treize-Septiers",
    "phone": "0251415356",
    "lat": 46.985503,
    "lng": -1.230377
  },
  {
    "name": "AUDIKA",
    "category": "Commerce de détail d'articles médicaux et orthopédiques en magasin spécialisé",
    "address": "18 AVENUE VILLEBOIS MAREUIL",
    "zipCode": "85600",
    "city": "Montaigu-Vendée",
    "phone": "0251488899",
    "email": "centre4468@audika.fr",
    "website": "http://www.audika.fr",
    "lat": 46.978312,
    "lng": -1.314706
  },
  {
    "name": "AUDRAIN MANON",
    "category": "Conseil pour les affaires et autres conseils de gestion",
    "address": "38 LA CHAPELIERE",
    "zipCode": "85600",
    "city": "Montaigu-Vendée",
    "phone": "0251463756",
    "lat": 46.921945,
    "lng": -1.313506
  },
  {
    "name": "AUDRAN STEPHANE",
    "category": "Activités photographiques",
    "address": "7 RUE DU FERBLANTIER",
    "zipCode": "85600",
    "city": "Montaigu-Vendée",
    "phone": "0622119756",
    "email": "steph.audran@gmail.com,contact@stephaneaudran.fr",
    "lat": 47.000689,
    "lng": -1.324241
  },
  {
    "name": "AUDUREAU MACONNERIE",
    "category": "Travaux de maçonnerie générale et gros œuvre de bâtiment",
    "address": "8 LA FREMAUDIERE",
    "zipCode": "85600",
    "city": "Treize-Septiers",
    "phone": "0611983852",
    "email": "audureaumaconnerie@outlook.fr",
    "lat": 46.999535,
    "lng": -1.23737
  },
  {
    "name": "AUDUREAU MICHEL",
    "category": "Location de terrains et d'autres biens immobiliers",
    "address": "LE BORDAGE CAILLE",
    "zipCode": "85600",
    "city": "Montaigu-Vendée",
    "lat": 46.968832,
    "lng": -1.258581
  },
  {
    "name": "AUDUREAU MICHEL",
    "category": "Location de terrains et d'autres biens immobiliers",
    "address": "LE BORDAGE CAILLE",
    "zipCode": "85600",
    "city": "Montaigu-Vendée",
    "phone": "0617597883",
    "lat": 46.968832,
    "lng": -1.258581
  },
  {
    "name": "AUGUSTE FREDERIC",
    "category": "Travaux de menuiserie bois et PVC",
    "address": "38 RUE GEORGES CLEMENCEAU",
    "zipCode": "85260",
    "city": "L'Herbergement",
    "phone": "0251400194,0685211087",
    "email": "menuiserie.auguste.frederic@orange.fr",
    "lat": 46.906361,
    "lng": -1.378159
  },
  {
    "name": "AUTO BILAN CUGAND PL VL",
    "category": "Contrôle technique automobile",
    "address": "169 IMPASSE FRANCOIS COUSSEAU",
    "zipCode": "85610",
    "city": "Cugand-la-Bernardière",
    "phone": "0251436094",
    "email": "autobilancugand@orange.fr",
    "lat": 47.055707,
    "lng": -1.256701
  },
  {
    "name": "AUTO ECOLE CAILLAUD",
    "category": "Enseignement de la conduite",
    "address": "17 (2) RUE SAINT JOSEPH",
    "zipCode": "85600",
    "city": "Montaigu-Vendée",
    "phone": "0228159697",
    "email": "caillaud.anthony@wanadoo.fr",
    "lat": 46.960392,
    "lng": -1.341545
  },
  {
    "name": "AUTO SECURITAS MONTAIGU VENDEE",
    "category": "Contrôle technique automobile",
    "address": "111 RUE DU DOCTEUR FAYAU",
    "zipCode": "85600",
    "city": "Montaigu-Vendée",
    "phone": "0251625845",
    "lat": 46.984849,
    "lng": -1.317985
  },
  {
    "name": "AUX SAVEURS DE LOULAY",
    "category": "Boulangerie et boulangerie-pâtisserie",
    "address": "18 (2) RUE DE NANTES",
    "zipCode": "85600",
    "city": "Montaigu-Vendée",
    "phone": "0251942733",
    "lat": 47.001774,
    "lng": -1.331743
  },
  {
    "name": "AUX SAVEURS DU FOURNIL",
    "category": "Boulangerie et boulangerie-pâtisserie",
    "address": "10 RUE GEORGES CLEMENCEAU",
    "zipCode": "85260",
    "city": "L'Herbergement",
    "phone": "0251428063",
    "lat": 46.907691,
    "lng": -1.377305
  },
  {
    "name": "AVENCIA",
    "category": "Activités comptables",
    "address": "10 RUE AUGUSTIN FRESNEL",
    "zipCode": "85600",
    "city": "Montaigu-Vendée",
    "phone": "0228150015",
    "email": "montaigu@avencia-eca.fr",
    "lat": 46.97555,
    "lng": -1.336463
  },
  {
    "name": "AVENCIA CHM",
    "category": "Activités comptables",
    "address": "10 RUE AUGUSTIN FRESNEL",
    "zipCode": "85600",
    "city": "Montaigu-Vendée",
    "phone": "0228150015",
    "lat": 46.97555,
    "lng": -1.336463
  },
  {
    "name": "AVENIR FENETRES",
    "category": "Travaux de menuiserie bois et PVC",
    "address": "LA NOUE MORIN",
    "zipCode": "85660",
    "city": "Saint-Philbert-de-Bouaine",
    "phone": "0251248553",
    "email": "l.neron@avenirfenetres.fr",
    "lat": 47.009137,
    "lng": -1.508702
  },
  {
    "name": "AXA",
    "category": "Activités des agents et courtiers d'assurances",
    "address": "2 PLACE DE LA NOUE",
    "zipCode": "85600",
    "city": "La Boissière-de-Montaigu",
    "phone": "0251416120",
    "lat": 46.950356,
    "lng": -1.19076
  },
  {
    "name": "AXA ASSURANCE",
    "category": "Activités des agents et courtiers d'assurances",
    "address": "11 RUE PAUL HENRI GOULET",
    "zipCode": "85600",
    "city": "Montaigu-Vendée",
    "phone": "0251463688",
    "email": "agence.cpmmontaigu@axa.fr",
    "lat": 46.983573,
    "lng": -1.318602
  },
  {
    "name": "AXENERGIE",
    "category": "Ingénierie, études techniques",
    "address": "8 RUE DES CHAUNIERES",
    "zipCode": "85610",
    "city": "Cugand-la-Bernardière",
    "phone": "0251421629",
    "email": "contact@axenergie.com",
    "lat": 47.067459,
    "lng": -1.253203
  },
  {
    "name": "AXO ET ACTIFS – A & A",
    "category": "Activités des sièges sociaux",
    "address": "9 RUE POINTE A PITRE",
    "zipCode": "85530",
    "city": "La Bruffière",
    "phone": "0251464466",
    "lat": 47.017409,
    "lng": -1.198683
  },
  {
    "name": "AZYENA",
    "category": "Coiffure",
    "address": "7 AVENUE VILLEBOIS MAREUIL",
    "zipCode": "85600",
    "city": "Montaigu-Vendée",
    "phone": "0251426691",
    "email": "azyena@gmail.com",
    "lat": 46.978002,
    "lng": -1.314683
  },
  {
    "name": "B J AUTO ECOLE",
    "category": "Enseignement de la conduite",
    "address": "3 PLACE VERDON",
    "zipCode": "85660",
    "city": "Saint-Philbert-de-Bouaine",
    "lat": 46.9861,
    "lng": -1.521198
  },
  {
    "name": "B-SIDE FACTORY",
    "category": "Reproduction d'enregistrements",
    "address": "127 RUE DES MARCHETONS",
    "zipCode": "85600",
    "city": "Montaigu-Vendée",
    "phone": "0972215612",
    "email": "contact@b-sidefactory.com",
    "lat": 47.017009,
    "lng": -1.345808
  },
  {
    "name": "B.E.C.M.",
    "category": "Activités d'architecture",
    "address": "1 RUE DE ST HILAIRE",
    "zipCode": "85610",
    "city": "La Bernardière",
    "phone": "0251425593",
    "email": "becmaudet@orange.fr",
    "lat": 47.049403,
    "lng": -1.266754
  },
  {
    "name": "BAGUELIN TECHNIQUES MACHINES OUTILS",
    "category": "Commerce de gros (commerce interentreprises) de fournitures et équipements industriels divers",
    "address": "9 RUE LAVOISIER",
    "zipCode": "85600",
    "city": "Montaigu-Vendée",
    "phone": "0251626785",
    "email": "commercial@btmo.fr",
    "lat": 46.970683,
    "lng": -1.324524
  },
  {
    "name": "BAKER TILLY STREGO",
    "category": "Activités comptables",
    "address": "3 (2) RUE AUGUSTIN FRESNEL",
    "zipCode": "85600",
    "city": "Montaigu-Vendée",
    "phone": "0228150530",
    "email": "e.chatry@strego.fr,strego.montaigu@strego.fr,strego@1789.fr,s.arnou@bakertilly.fr",
    "website": "https://www.strego.fr",
    "lat": 46.976128,
    "lng": -1.333307
  },
  {
    "name": "BANQUE CIC OUEST",
    "category": "Autres intermédiations monétaires",
    "address": "65 PLACE DU CHAMP DE FOIRE",
    "zipCode": "85600",
    "city": "Montaigu-Vendée",
    "phone": "0820092108",
    "email": "14012@cic.fr",
    "website": "http://www.cic.fr",
    "lat": 46.977993,
    "lng": -1.3125
  },
  {
    "name": "BANQUE POPULAIRE GRAND OUEST",
    "category": "Autres intermédiations monétaires",
    "address": "2 CARREFOUR DE L'EUROPE",
    "zipCode": "85600",
    "city": "Montaigu-Vendée",
    "phone": "0272965700,0251803993",
    "website": "http://www.banquepopulaire.fr",
    "lat": 46.967977,
    "lng": -1.245218
  },
  {
    "name": "BAR RESTAURANT LES AMIS",
    "category": "Restauration traditionnelle",
    "address": "1 RUE DU COMMERCE",
    "zipCode": "85660",
    "city": "Saint-Philbert-de-Bouaine",
    "phone": "0251419104",
    "lat": 46.985158,
    "lng": -1.521267
  },
  {
    "name": "BAREAU COLINE",
    "category": "Autres services personnels n.c.a.",
    "address": "1 RUE PIERRE DE RONSARD",
    "zipCode": "85260",
    "city": "L'Herbergement",
    "phone": "0633907516",
    "lat": 46.913662,
    "lng": -1.369544
  },
  {
    "name": "BARJOTS DUNKERS",
    "category": "Arts du spectacle vivant",
    "address": "20 RUE DE LA VIGNE ROUGE",
    "zipCode": "85260",
    "city": "L'Herbergement",
    "phone": "0658685143",
    "email": "barjotsdunkers@yahoo.fr",
    "lat": 46.900631,
    "lng": -1.380267
  },
  {
    "name": "BARREAU JACKY",
    "category": "Travaux d'installation d'eau et de gaz en tous locaux",
    "address": "RUE PIERRE GUILE",
    "zipCode": "85610",
    "city": "Cugand-la-Bernardière",
    "phone": "0672508579",
    "lat": 47.06994,
    "lng": -1.263061
  },
  {
    "name": "Bastien HARDY",
    "category": "Activités spécialisées de design",
    "address": "1 LOTISSEMENT DU STADE",
    "zipCode": "85260",
    "city": "Montréverd",
    "phone": "0674342221",
    "email": "contact@llabbstudio.fr",
    "lat": 46.933415,
    "lng": -1.412273
  },
  {
    "name": "BAUDOUIN YELENA",
    "category": "Soins de beauté",
    "address": "11 HAMEAU LA HINCHERE",
    "zipCode": "85600",
    "city": "Treize-Septiers",
    "phone": "0699113532",
    "lat": 47.002594,
    "lng": -1.264976
  },
  {
    "name": "BAUDRY MARYANNICK",
    "category": "Autres services personnels n.c.a.",
    "address": "21 RUE DE CLISSON",
    "zipCode": "85600",
    "city": "La Boissière-de-Montaigu",
    "phone": "0611558933",
    "email": "ensemble.echange@gmail.com",
    "lat": 46.95183,
    "lng": -1.192276
  },
  {
    "name": "BAUDRY PEINTURE",
    "category": "Travaux de peinture et vitrerie",
    "address": "1 RUE DES FRENES",
    "zipCode": "85660",
    "city": "Saint-Philbert-de-Bouaine",
    "phone": "0698547949",
    "email": "contact@baudry-peinture.com",
    "lat": 46.981699,
    "lng": -1.523641
  },
  {
    "name": "BAZ COMPAGNIE",
    "category": "Vente à distance sur catalogue spécialisé",
    "address": "RUE DE LA VIGNE ROUGE",
    "zipCode": "85260",
    "city": "L'Herbergement",
    "phone": "0251073689",
    "lat": 46.901566,
    "lng": -1.379673
  },
  {
    "name": "BD-ERGONOMIE",
    "category": "Conseil pour les affaires et autres conseils de gestion",
    "address": "48 RUE DE LA GARE",
    "zipCode": "85260",
    "city": "L'Herbergement",
    "phone": "0625569321",
    "email": "contact@ergonomie.com",
    "website": "http://bdergonomie.com",
    "lat": 46.908771,
    "lng": -1.37293
  },
  {
    "name": "BEAULIEU DESIGN",
    "category": "Activités spécialisées de design",
    "address": "9 RUE MAL DE LATTRE DE TASS",
    "zipCode": "85260",
    "city": "L'Herbergement",
    "phone": "0788445108",
    "email": "contact@beaulieu-design.fr",
    "lat": 46.908625,
    "lng": -1.376603
  },
  {
    "name": "BEAUTE VICTORIEUSE",
    "category": "Soins de beauté",
    "address": "",
    "zipCode": "85260",
    "city": "L'Herbergement",
    "phone": "0608683857",
    "lat": 46.920811,
    "lng": -1.372456
  },
  {
    "name": "BEAUVOIS AUTOMOBILES",
    "category": "Commerce de voitures et de véhicules automobiles légers",
    "address": "210 RUE PAUL HENRI GOULET",
    "zipCode": "85600",
    "city": "Montaigu-Vendée",
    "phone": "0251092929",
    "email": "peugeot.montaigu@groupebeauvois.fr",
    "lat": 46.984457,
    "lng": -1.319192
  },
  {
    "name": "BELLAVIDA",
    "category": "Soins de beauté",
    "address": "33 RUE SAINT JOSEPH",
    "zipCode": "85600",
    "city": "Montaigu-Vendée",
    "phone": "0228979216",
    "lat": 46.962601,
    "lng": -1.338944
  },
  {
    "name": "BELLOM LOUISE",
    "category": "Coiffure",
    "address": "27 (2) RUE DE L'ABBE GIRAUDET",
    "zipCode": "85600",
    "city": "Montaigu-Vendée",
    "lat": 47.003625,
    "lng": -1.331199
  },
  {
    "name": "BENIER CHLOE",
    "category": "Autres services personnels n.c.a.",
    "address": "97 RUE DES LOGES",
    "zipCode": "85600",
    "city": "Montaigu-Vendée",
    "phone": "0784945172",
    "lat": 46.965746,
    "lng": -1.296552
  },
  {
    "name": "BENIER CHLOE",
    "category": "Autres services personnels n.c.a.",
    "address": "50 RUE AMIRAL DUCHAFFAULT",
    "zipCode": "85600",
    "city": "Montaigu-Vendée",
    "lat": 46.96587,
    "lng": -1.248929
  },
  {
    "name": "BENOIT LANDREAU PAYSAGE",
    "category": "Services d'aménagement paysager",
    "address": "22 RUE DE LA VIGNE ROUGE",
    "zipCode": "85260",
    "city": "L'Herbergement",
    "lat": 46.900288,
    "lng": -1.380458
  },
  {
    "name": "BERNARD LAURENT",
    "category": "Commerce de détail de fleurs, plantes, graines, engrais, animaux de compagnie et aliments pour ces animaux en magasin spécialisé",
    "address": "8 PLACE VERDON",
    "zipCode": "85660",
    "city": "Saint-Philbert-de-Bouaine",
    "phone": "0251417486",
    "lat": 46.986365,
    "lng": -1.520759
  },
  {
    "name": "BERTIN CYRILLE",
    "category": "Arts du spectacle vivant",
    "address": "LA JARRIE",
    "zipCode": "85600",
    "city": "Treize-Septiers",
    "phone": "0674085220",
    "email": "bertincyrille@yahoo.fr",
    "lat": 47.009522,
    "lng": -1.242697
  },
  {
    "name": "BESNIER FREDDY",
    "category": "Location et location-bail de machines et équipements pour la construction",
    "address": "3 IMPASSE DES FRENES",
    "zipCode": "85260",
    "city": "Montréverd",
    "phone": "0661063125",
    "email": "sslv@orange.fr",
    "lat": 46.896189,
    "lng": -1.420389
  },
  {
    "name": "BETTYSSIMA",
    "category": "Soins de beauté",
    "address": "53 RUE GEORGES CLEMENCEAU",
    "zipCode": "85600",
    "city": "Montaigu-Vendée",
    "phone": "0251940250",
    "email": "grandetbetty85@gmail.com",
    "lat": 46.975914,
    "lng": -1.312921
  }
]